{
  "total_tests": 6,
  "architectures": [
    "P2P",
    "SFU"
  ],
  "performance_comparison": {
    "P2P": {
      "avg_cpu": 0.6830005034401746,
      "avg_latency": 0.0,
      "avg_tls": 0.9316005471956222,
      "test_count": 3
    },
    "SFU": {
      "avg_cpu": 0.6775185993175589,
      "avg_latency": 0.0,
      "avg_tls": 0.9316005471956222,
      "test_count": 3
    }
  }
}